Index,Name,Rank,Type,Code,Attribute,Description,Quality,Job,ItemShape,CosShape,Action_Index,Appraisal,Value1,Value2,Trade,ReqLv,ReqHLv,Price,Width,Height,StackNumber,AutoStack,StackDrop_Min,StackDrop_Max,DropRate_LowQuality,DropRate_NormalQuality,DropRate_HighQuality,GroupIndex,No Data,Wear : Range,Wear : Speed,Wear : CriticalRate,Wear : Drop LV,Wear : Drop Option Number,Wear : Drop Socket 1EA Rate,Wear : Drop Socket 2EA Rate,Wear : Drop Socket 3EA Rate,Wear : Drop Socket 4EA Rate,Wear : Small Monster Attack Addition,Wear : Middle Monster Attack Addition,Wear : Large Monster Attack Addition,Wear : Boss Monster Attack Addition,Wear : Undead Monster Attack Addition,Option Index 1,Option Value 1,Option Index 2,Option Value 2,Option Index 3,Option Value 3,Option Index 4,Option Value 4,Option Index 5,Option Value 5,Option Index 6,Option Value 6,Expansion Option Index 1,Expansion Option Value 1,Expansion Option Index 2,Expansion Option Value 2,Expansion Option Index 3,Expansion Option Value 3,Expansion Option Index 4,Expansion Option Value 4,Expansion Option Index 5,Expansion Option Value 5,Expansion Option Index 6,Expansion Option Value 6,MinOption1,MaxOption1,MinOption2,MaxOption2,MinOption3,MaxOption3,Level 0 Item LV,Level 0 Melee Min Attack,Level 0 Melee Max Attack,Level 0 Magic Min Attack,Level 0 Magic Max Attack,Level 0 Range Min Attack,Level 0 Range Max Attack,PVP Option Damage,Level 0 Defence Min,Level 0 Defence Max,PVP Option Defence,Level 0 Blocking Rate,Level 0 Critical Bonus,Level 0 Str Request,Level 0 Dex Request,Level 0 Spr Request,Level 0 Appraisal Addition,BeforeLevelIndex,NextLevelIndex,Period,IsLimit,PeriodBreak,Belong,NextShape,ReqGrade,PurchasePoint,ChoiceLimit,PurchaseLimit,EventType,PointLimit,EventDate,NPC SELL
3975,Armega Necklace (15 Days),2,2,5,0,0,34,1111-1111-1111-1111-1111-1111-1111-1111,1388,0,0,1500,0,0,0,1,0,1,1,1,1,0,1,1,3,2,1,0,0,0,0,0,0,0,0,0,0,0,0,0,0,0,0,169,10,168,10,233,552,235,175,232,235,0,0,0,0,0,0,0,0,0,0,0,0,0,0,0,0,0,0,0,0,0,0,0,0,0,0,0,0,0,0,0,0,0,0,0,0,0,0,0,1296000,1,1,0,0,0,0,0,0,0,0,0,1
3976,Armega Necklace (10 Days),2,2,5,0,0,34,1111-1111-1111-1111-1111-1111-1111-1111,1388,0,0,1500,0,0,0,1,0,1,1,1,1,0,1,1,3,2,1,0,0,0,0,0,0,0,0,0,0,0,0,0,0,0,0,169,10,168,10,233,552,235,175,232,235,0,0,0,0,0,0,0,0,0,0,0,0,0,0,0,0,0,0,0,0,0,0,0,0,0,0,0,0,0,0,0,0,0,0,0,0,0,0,0,864000,1,1,0,0,0,0,0,0,0,0,0,1
3977,Armega Necklace (5 Days),2,2,5,0,0,34,1111-1111-1111-1111-1111-1111-1111-1111,1388,0,0,1500,0,0,0,1,0,1,1,1,1,0,1,1,3,2,1,0,0,0,0,0,0,0,0,0,0,0,0,0,0,0,0,169,10,168,10,233,552,235,175,232,235,0,0,0,0,0,0,0,0,0,0,0,0,0,0,0,0,0,0,0,0,0,0,0,0,0,0,0,0,0,0,0,0,0,0,0,0,0,0,0,432000,1,1,0,0,0,0,0,0,0,0,0,1
54915,Ring of the Deceased (Event),2,2,3,0,0,34,1111-1111-1111-1111-1111-1111-1111-1111,1415,0,0,1500,0,0,0,1,0,1,1,1,1,0,1,1,3,2,1,0,0,0,0,0,0,0,0,0,0,0,0,0,0,0,0,34,3,37,3,74,4,0,0,0,0,0,0,0,0,0,0,0,0,0,0,0,0,0,0,0,0,0,0,0,0,0,0,0,0,0,0,0,0,0,0,0,0,0,0,0,0,0,0,0,86400,1,1,0,0,0,0,0,0,0,0,0,1
54916,Parca's Fang (Event),2,2,0,0,0,34,1111-1111-1111-1111-1111-1111-1111-1111,1414,0,0,1500,0,0,0,1,0,1,1,1,1,0,1,1,3,2,1,0,0,0,0,0,0,0,0,0,0,0,0,0,0,0,0,233,180,236,80,74,10,0,0,0,0,0,0,0,0,0,0,0,0,0,0,0,0,0,0,0,0,0,0,0,0,0,0,0,0,0,0,0,0,0,0,0,0,0,0,0,0,0,0,0,86400,1,1,0,0,0,0,0,0,0,0,0,1
54917,Parca's Tears (Event),2,2,0,0,0,34,1111-1111-1111-1111-1111-1111-1111-1111,1416,0,0,1500,0,0,0,1,0,1,1,1,1,0,1,1,3,2,1,0,0,0,0,0,0,0,0,0,0,0,0,0,0,0,0,97,3,169,3,74,4,0,0,0,0,0,0,0,0,0,0,0,0,0,0,0,0,0,0,0,0,0,0,0,0,0,0,0,0,0,0,0,0,0,0,0,0,0,0,0,0,0,0,0,259200,1,1,0,0,0,0,0,0,0,0,0,1
59026,Destructive Carlsberg Signet 7,2,2,3,0,0,34,1111-1111-1111-1111-1111-1111-1111-1111,946,0,0,1500,0,0,0,1,0,1,1,1,1,0,1,1,3,2,1,0,0,0,0,0,0,0,0,0,0,0,0,0,0,0,0,34,3,37,3,225,3,96,2500,169,10,0,0,0,0,0,0,0,0,0,0,0,0,0,0,0,0,0,0,0,0,0,0,0,0,0,0,0,0,0,0,0,0,0,0,0,0,0,0,0,604800,1,1,0,0,0,0,0,0,1,0,0,1
59027,Illusive Carlsberg Signet 7,2,2,3,0,0,34,1111-1111-1111-1111-1111-1111-1111-1111,956,0,0,1500,0,0,0,1,0,1,1,1,1,0,1,1,3,2,1,0,0,0,0,0,0,0,0,0,0,0,0,0,0,0,0,169,7,244,250,74,8,0,0,0,0,0,0,0,0,0,0,0,0,0,0,0,0,0,0,0,0,0,0,0,0,0,0,0,0,0,0,0,0,0,0,0,0,0,0,0,0,0,0,0,604800,1,1,0,0,0,0,0,0,1,0,0,1
59028,Carlsberg's Daes Arie 7,2,2,3,0,0,34,1111-1111-1111-1111-1111-1111-1111-1111,945,0,0,1500,0,0,0,1,0,1,1,1,1,0,1,1,3,2,1,0,0,0,0,0,0,0,0,0,0,0,0,0,0,0,0,233,420,236,120,244,170,74,12,0,0,0,0,0,0,0,0,0,0,0,0,0,0,0,0,0,0,0,0,0,0,0,0,0,0,0,0,0,0,0,0,0,0,0,0,0,0,0,0,0,604800,1,1,0,0,0,0,0,0,1,0,0,1
59029,Carlsberg Ring 7,2,2,5,0,0,34,1111-1111-1111-1111-1111-1111-1111-1111,2875,0,0,1500,0,0,0,1,0,1,1,1,1,0,1,1,3,2,1,0,0,0,0,0,0,0,0,0,0,0,0,0,0,0,0,8,300,16,175,24,3,25,3,26,3,27,3,0,0,0,0,0,0,0,0,0,0,0,0,0,0,0,0,0,0,0,0,0,0,0,0,0,0,0,0,0,0,0,0,0,0,0,0,0,604800,1,1,0,0,0,0,0,0,1,0,0,1
59061,Destructive Cruiser Beer Signet 7,2,2,5,0,0,34,1111-1111-1111-1111-1111-1111-1111-1111,946,0,0,1500,0,0,0,1,0,1,1,1,1,0,1,1,3,2,1,0,0,0,0,0,0,0,0,0,0,0,0,0,0,0,0,34,3,37,3,225,3,96,2500,169,10,0,0,0,0,0,0,0,0,0,0,0,0,0,0,0,0,0,0,0,0,0,0,0,0,0,0,0,0,0,0,0,0,0,0,0,0,0,0,0,604800,1,1,0,0,0,0,0,0,1,0,0,1
59062,Illusive Cruiser Beer Signet 7,2,2,5,0,0,34,1111-1111-1111-1111-1111-1111-1111-1111,956,0,0,1500,0,0,0,1,0,1,1,1,1,0,1,1,3,2,1,0,0,0,0,0,0,0,0,0,0,0,0,0,0,0,0,169,7,244,250,74,8,0,0,0,0,0,0,0,0,0,0,0,0,0,0,0,0,0,0,0,0,0,0,0,0,0,0,0,0,0,0,0,0,0,0,0,0,0,0,0,0,0,0,0,604800,1,1,0,0,0,0,0,0,1,0,0,1
59063,Cruiser Beer's Daes Arie 7,2,2,5,0,0,34,1111-1111-1111-1111-1111-1111-1111-1111,945,0,0,1500,0,0,0,1,0,1,1,1,1,0,1,1,3,2,1,0,0,0,0,0,0,0,0,0,0,0,0,0,0,0,0,233,420,236,120,244,170,74,12,0,0,0,0,0,0,0,0,0,0,0,0,0,0,0,0,0,0,0,0,0,0,0,0,0,0,0,0,0,0,0,0,0,0,0,0,0,0,0,0,0,604800,1,1,0,0,0,0,0,0,1,0,0,1
59064,Cruiser Beer Ring 7,2,2,3,0,0,34,1111-1111-1111-1111-1111-1111-1111-1111,2875,0,0,1500,0,0,0,1,0,1,1,1,1,0,1,1,3,2,1,0,0,0,0,0,0,0,0,0,0,0,0,0,0,0,0,8,700,16,500,24,3,25,3,26,3,27,3,0,0,0,0,0,0,0,0,0,0,0,0,0,0,0,0,0,0,0,0,0,0,0,0,0,0,0,0,0,0,0,0,0,0,0,0,0,604800,1,1,0,0,0,0,0,0,1,0,0,1
59070,Conqueror's Ring,2,2,5,0,0,34,1111-1111-1111-1111-1111-1111-1111-1111,598,0,0,1500,0,0,0,100,0,1,1,1,1,0,1,1,3,2,1,0,0,0,0,0,0,0,0,0,0,0,0,0,0,0,0,244,450,29,5,32,175,226,175,35,175,0,0,0,0,0,0,0,0,0,0,0,0,0,0,0,0,0,0,0,0,0,0,0,0,0,0,0,0,0,0,0,0,0,0,0,0,0,0,0,2592000,1,1,0,0,0,0,0,0,0,0,0,1
59071,Glory Ring,2,2,5,0,0,34,1111-1111-1111-1111-1111-1111-1111-1111,598,0,0,1500,0,0,0,100,0,1,1,1,1,0,1,1,3,2,1,0,0,0,0,0,0,0,0,0,0,0,0,0,0,0,0,244,350,29,3,32,150,226,150,35,150,0,0,0,0,0,0,0,0,0,0,0,0,0,0,0,0,0,0,0,0,0,0,0,0,0,0,0,0,0,0,0,0,0,0,0,0,0,0,0,2592000,1,1,0,0,0,0,0,0,0,0,0,1
1800000,Death Ring 1Day,2,2,3,0,0,34,1111-1111-1111-1111-1111-1111-1111-1111,1415,0,0,1500,0,0,0,1,0,1,1,1,1,0,1,1,3,2,1,0,0,0,0,0,0,0,0,0,0,0,0,0,0,0,0,34,3,37,3,225,3,74,4,0,0,0,0,0,0,0,0,0,0,0,0,0,0,0,0,0,0,0,0,0,0,0,0,0,0,0,0,0,0,0,0,0,0,0,0,0,0,0,0,0,86400,1,1,0,0,0,0,0,0,0,0,0,1
1800001,Parca's Tears 1Day,2,2,0,0,0,34,1111-1111-1111-1111-1111-1111-1111-1111,1416,0,0,1500,0,0,0,1,0,1,1,1,1,0,1,1,3,2,1,0,0,0,0,0,0,0,0,0,0,0,0,0,0,0,0,97,3,169,3,74,4,0,0,0,0,0,0,0,0,0,0,0,0,0,0,0,0,0,0,0,0,0,0,0,0,0,0,0,0,0,0,0,0,0,0,0,0,0,0,0,0,0,0,0,86400,1,1,0,0,0,0,0,0,0,0,0,1
1800002,½ºÆç ¿¥¹ö 3 (ÀÌº¥Æ®),2,2,1,0,0,34,1111-1111-1111-1111-1111-1111-1111-1111,949,0,0,1500,0,0,0,44,0,0,1,1,1,0,1,1,3,2,1,0,1800002,0,0,0,0,0,0,0,0,0,0,0,0,0,0,1,10,2,10,3,10,4,10,0,0,0,0,0,0,0,0,0,0,0,0,0,0,0,0,0,0,0,0,0,0,0,0,0,0,0,0,0,0,0,0,0,0,0,0,0,0,0,0,0,259200,1,1,0,0,0,0,0,0,0,0,0,1
1800003,½ºÆç ¿¥¹ö 7 (ÀÌº¥Æ®),2,2,1,0,0,34,1111-1111-1111-1111-1111-1111-1111-1111,949,0,0,1500,0,0,0,44,0,0,1,1,1,0,1,1,3,2,1,0,1800003,0,0,0,0,0,0,0,0,0,0,0,0,0,0,1,10,2,10,3,10,4,10,0,0,0,0,0,0,0,0,0,0,0,0,0,0,0,0,0,0,0,0,0,0,0,0,0,0,0,0,0,0,0,0,0,0,0,0,0,0,0,0,0,604800,1,1,0,0,0,0,0,0,0,0,0,1
1800004,½ºÆç ÄÚ¶ö 3 (ÀÌº¥Æ®),2,2,1,0,0,34,1111-1111-1111-1111-1111-1111-1111-1111,948,0,0,1500,0,0,0,90,0,0,1,1,1,0,1,1,3,2,1,0,1800004,0,0,0,0,0,0,0,0,0,0,0,0,0,0,1,20,2,20,3,20,4,20,0,0,0,0,0,0,0,0,0,0,0,0,0,0,0,0,0,0,0,0,0,0,0,0,0,0,0,0,0,0,0,0,0,0,0,0,0,0,0,0,0,259200,1,1,0,0,0,0,0,0,0,0,0,1
1800005,½ºÆç ÄÚ¶ö 7 (ÀÌº¥Æ®),2,2,1,0,0,34,1111-1111-1111-1111-1111-1111-1111-1111,948,0,0,1500,0,0,0,90,0,0,1,1,1,0,1,1,3,2,1,0,1800005,0,0,0,0,0,0,0,0,0,0,0,0,0,0,1,20,2,20,3,20,4,20,0,0,0,0,0,0,0,0,0,0,0,0,0,0,0,0,0,0,0,0,0,0,0,0,0,0,0,0,0,0,0,0,0,0,0,0,0,0,0,0,0,604800,1,1,0,0,0,0,0,0,0,0,0,1
1800006,½ºÆç ½® 3 (ÀÌº¥Æ®),2,2,1,0,0,34,1111-1111-1111-1111-1111-1111-1111-1111,947,0,0,1500,0,0,0,130,0,0,1,1,1,0,1,1,3,2,1,0,1800006,0,0,0,0,0,0,0,0,0,0,0,0,0,0,1,30,2,30,3,30,4,30,0,0,0,0,0,0,0,0,0,0,0,0,0,0,0,0,0,0,0,0,0,0,0,0,0,0,0,0,0,0,0,0,0,0,0,0,0,0,0,0,0,259200,1,1,0,0,0,0,0,0,0,0,0,1
1800007,½ºÆç ½® 7 (ÀÌº¥Æ®),2,2,1,0,0,34,1111-1111-1111-1111-1111-1111-1111-1111,947,0,0,1500,0,0,0,130,0,0,1,1,1,0,1,1,3,2,1,0,1800007,0,0,0,0,0,0,0,0,0,0,0,0,0,0,1,30,2,30,3,30,4,30,0,0,0,0,0,0,0,0,0,0,0,0,0,0,0,0,0,0,0,0,0,0,0,0,0,0,0,0,0,0,0,0,0,0,0,0,0,0,0,0,0,604800,1,1,0,0,0,0,0,0,0,0,0,1
1800008,½ºÆç ÇÃ·ë 3 (ÀÌº¥Æ®),2,2,1,0,0,34,1111-1111-1111-1111-1111-1111-1111-1111,950,0,0,1500,0,0,0,150,0,0,1,1,1,0,1,1,3,2,1,0,1800008,0,0,0,0,0,0,0,0,0,0,0,0,0,0,1,50,2,50,3,50,4,50,0,0,0,0,0,0,0,0,0,0,0,0,0,0,0,0,0,0,0,0,0,0,0,0,0,0,0,0,0,0,0,0,0,0,0,0,0,0,0,0,0,259200,1,1,0,0,0,0,0,0,0,0,0,1
1800009,½ºÆç ÇÃ·ë 7 (ÀÌº¥Æ®),2,2,1,0,0,34,1111-1111-1111-1111-1111-1111-1111-1111,950,0,0,1500,0,0,0,150,0,0,1,1,1,0,1,1,3,2,1,0,1800009,0,0,0,0,0,0,0,0,0,0,0,0,0,0,1,50,2,50,3,50,4,50,0,0,0,0,0,0,0,0,0,0,0,0,0,0,0,0,0,0,0,0,0,0,0,0,0,0,0,0,0,0,0,0,0,0,0,0,0,0,0,0,0,604800,1,1,0,0,0,0,0,0,0,0,0,1
1800010,¾Æ¸£¸Þ°¡ ¸ñ°ÉÀÌ (7ÀÏ),2,2,5,0,0,34,1111-1111-1111-1111-1111-1111-1111-1111,1388,0,0,1500,0,0,1,0,0,1,1,1,1,0,1,1,3,2,1,0,1800010,0,0,0,0,0,0,0,0,0,0,0,0,0,0,169,10,168,10,233,552,235,175,232,235,0,0,0,0,0,0,0,0,0,0,0,0,0,0,0,0,0,0,0,0,0,0,0,0,0,0,0,0,0,0,0,0,0,0,0,0,0,0,0,604800,1,1,0,0,0,0,0,0,0,0,0,1
1800011,Spell Plume 3 (Event),2,2,1,0,0,34,1111-1111-1111-1111-1111-1111-1111-1111,950,0,0,1500,0,0,0,1,0,1,1,1,1,0,1,1,3,2,1,0,0,0,0,0,0,0,0,0,0,0,0,0,0,0,0,1,50,2,50,3,50,4,50,0,0,0,0,0,0,0,0,0,0,0,0,0,0,0,0,0,0,0,0,0,0,0,0,0,0,0,0,0,0,0,0,0,0,0,0,0,0,0,0,0,259200,1,1,0,0,0,0,0,0,0,0,0,1
1800012,Spell Plume 7 (Event),2,2,1,0,0,34,1111-1111-1111-1111-1111-1111-1111-1111,950,0,0,1500,0,0,0,1,0,1,1,1,1,0,1,1,3,2,1,0,0,0,0,0,0,0,0,0,0,0,0,0,0,0,0,1,50,2,50,3,50,4,50,0,0,0,0,0,0,0,0,0,0,0,0,0,0,0,0,0,0,0,0,0,0,0,0,0,0,0,0,0,0,0,0,0,0,0,0,0,0,0,0,0,604800,1,1,0,0,0,0,0,0,0,0,0,1
1800013,Spell Plume 15 (Event),2,2,1,0,0,34,1111-1111-1111-1111-1111-1111-1111-1111,950,0,0,1500,0,0,0,1,0,1,1,1,1,0,1,1,3,2,1,0,0,0,0,0,0,0,0,0,0,0,0,0,0,0,0,1,50,2,50,3,50,4,50,0,0,0,0,0,0,0,0,0,0,0,0,0,0,0,0,0,0,0,0,0,0,0,0,0,0,0,0,0,0,0,0,0,0,0,0,0,0,0,0,0,1296000,1,1,0,0,0,0,0,0,0,0,0,1
1800014,Spell Plume 30 (Event),2,2,1,0,0,34,1111-1111-1111-1111-1111-1111-1111-1111,950,0,0,1500,0,0,0,1,0,1,1,1,1,0,1,1,3,2,1,0,0,0,0,0,0,0,0,0,0,0,0,0,0,0,0,1,50,2,50,3,50,4,50,0,0,0,0,0,0,0,0,0,0,0,0,0,0,0,0,0,0,0,0,0,0,0,0,0,0,0,0,0,0,0,0,0,0,0,0,0,0,0,0,0,2592000,1,1,0,0,0,0,0,0,0,0,0,1
1800015,Spell Sheen 15 (Event),2,2,1,0,0,34,1111-1111-1111-1111-1111-1111-1111-1111,947,0,0,1500,0,0,0,1,0,1,1,1,1,0,1,1,3,2,1,0,0,0,0,0,0,0,0,0,0,0,0,0,0,0,0,1,30,2,30,3,30,4,30,0,0,0,0,0,0,0,0,0,0,0,0,0,0,0,0,0,0,0,0,0,0,0,0,0,0,0,0,0,0,0,0,0,0,0,0,0,0,0,0,0,1296000,1,1,0,0,0,0,0,0,0,0,0,1
1800016,Armega Necklace (15 Days),2,2,5,0,0,34,1111-1111-1111-1111-1111-1111-1111-1111,1388,0,0,1500,0,0,0,0,0,1,1,1,1,0,1,1,3,2,1,0,0,0,0,0,0,0,0,0,0,0,0,0,0,0,0,169,10,168,10,233,552,235,175,232,235,0,0,0,0,0,0,0,0,0,0,0,0,0,0,0,0,0,0,0,0,0,0,0,0,0,0,0,0,0,0,0,0,0,0,0,0,0,0,0,259200,1,1,0,0,0,0,0,0,0,0,0,1
1800017,Windsor Soul 3 (Event),2,2,0,0,0,34,1111-1111-1111-1111-1111-1111-1111-1111,940,0,0,0,0,0,0,1,0,1,1,1,0,0,1,1,3,2,1,0,0,0,0,0,0,0,0,0,0,0,0,0,0,0,0,244,170,72,750,29,1,0,0,0,0,0,0,0,0,0,0,0,0,0,0,0,0,0,0,0,0,0,0,0,0,0,0,0,0,0,0,0,0,0,0,0,0,0,0,0,0,0,0,0,259200,1,1,0,0,0,0,0,0,0,0,0,1
1800018,Abyss Arie 3 (Event),2,2,5,0,0,34,1111-1111-1111-1111-1111-1111-1111-1111,943,0,0,0,0,0,0,1,0,1,1,1,0,0,1,1,3,2,1,0,0,0,0,0,0,0,0,0,0,0,0,0,0,0,0,233,480,236,150,244,210,74,15,29,2,0,0,0,0,0,0,0,0,0,0,0,0,0,0,0,0,0,0,0,0,0,0,0,0,0,0,0,0,0,0,0,0,0,0,0,0,0,0,0,259200,1,1,0,0,0,0,0,0,0,0,0,1
1800019,Dead Protector's Ring 3 (Event),2,2,5,0,0,34,1111-1111-1111-1111-1111-1111-1111-1111,956,0,0,0,0,0,0,1,0,1,1,1,0,0,1,1,3,2,1,0,0,0,0,0,0,0,0,0,0,0,0,0,0,0,0,169,8,244,300,74,12,0,0,0,0,0,0,0,0,0,0,0,0,0,0,0,0,0,0,0,0,0,0,0,0,0,0,0,0,0,0,0,0,0,0,0,0,0,0,0,0,0,0,0,259200,1,1,0,0,0,0,0,0,0,0,0,1
1800020,Parca's Fang 3 (Event),2,2,0,0,0,34,1111-1111-1111-1111-1111-1111-1111-1111,1414,0,0,0,0,0,0,1,0,1,1,1,0,0,1,1,3,2,1,0,0,0,0,0,0,0,0,0,0,0,0,0,0,0,0,233,250,236,150,74,10,0,0,0,0,0,0,0,0,0,0,0,0,0,0,0,0,0,0,0,0,0,0,0,0,0,0,0,0,0,0,0,0,0,0,0,0,0,0,0,0,0,0,0,259200,1,1,0,0,0,0,0,0,0,0,0,1
1800021,Masochie Platinum Earrings 5 Days,2,2,1,0,0,34,1111-1111-1111-1111-1111-1111-1111-1111,881,0,0,0,0,0,0,1,0,1,1,1,0,0,1,1,3,2,1,0,0,0,0,0,0,0,0,0,0,0,0,0,0,0,0,236,180,233,450,232,350,8,760,10,2000,169,4,0,0,0,0,0,0,0,0,0,0,0,0,0,0,0,0,0,0,0,0,0,0,0,0,0,0,0,0,0,0,0,0,0,0,0,0,0,432000,1,1,0,0,0,0,0,0,0,0,0,1
1800022,Red Monkey King Earring (Event),10,2,10,0,1275,34,1111-1111-1111-1111-1111-1111-1111-1111,5327,0,0,0,0,0,0,1,0,0,1,1,0,0,1,1,3,2,1,1,1800022,0,0,0,0,0,0,0,0,0,0,0,0,0,0,1,2,2,2,3,2,4,2,236,10,233,100,0,0,0,0,0,0,0,0,0,0,0,0,10002,10002,10032,10032,10062,10062,0,0,0,0,0,0,0,0,0,0,0,0,0,0,0,0,0,0,1800023,0,0,1,0,0,0,0,0,0,1,0,20160322,1
1800023,Red Monkey King Earring (Event)  +1,10,2,10,0,1275,34,1111-1111-1111-1111-1111-1111-1111-1111,5327,0,0,0,0,0,0,1,0,0,1,1,0,0,1,1,3,2,1,1,1800023,0,0,0,0,0,0,0,0,0,0,0,0,0,0,1,5,2,5,3,5,4,5,236,30,233,140,0,0,0,0,0,0,0,0,0,0,0,0,10002,10002,10032,10032,10062,10062,1,0,0,0,0,0,0,0,0,0,0,0,0,0,0,0,0,1800022,1800024,0,0,1,0,0,0,0,0,0,1,0,20160322,1
1800024,Red Monkey King Earring (Event)  +2,10,2,10,0,1275,34,1111-1111-1111-1111-1111-1111-1111-1111,5327,0,0,0,0,0,0,1,0,0,1,1,0,0,1,1,3,2,1,1,1800024,0,0,0,0,0,0,0,0,0,0,0,0,0,0,1,10,2,10,3,10,4,10,236,50,233,180,0,0,0,0,0,0,0,0,0,0,0,0,10002,10002,10032,10032,10062,10062,2,0,0,0,0,0,0,0,0,0,0,0,0,0,0,0,0,1800023,1800025,0,0,1,0,0,0,0,0,0,1,0,20160322,1
1800025,Red Monkey King Earring (Event)  +3,10,2,10,0,1275,34,1111-1111-1111-1111-1111-1111-1111-1111,5327,0,0,0,0,0,0,1,0,0,1,1,0,0,1,1,3,2,1,1,1800025,0,0,0,0,0,0,0,0,0,0,0,0,0,0,1,15,2,15,3,15,4,15,236,70,233,220,0,0,0,0,0,0,0,0,0,0,0,0,10002,10002,10032,10032,10062,10062,3,0,0,0,0,0,0,0,0,0,0,0,0,0,0,0,0,1800024,1800026,0,0,1,0,0,0,0,0,0,1,0,20160322,1
1800026,Red Monkey King Earring (Event)  +4,10,2,10,0,1275,34,1111-1111-1111-1111-1111-1111-1111-1111,5327,0,0,0,0,0,0,1,0,0,1,1,0,0,1,1,3,2,1,1,1800026,0,0,0,0,0,0,0,0,0,0,0,0,0,0,1,25,2,25,3,25,4,25,236,90,233,260,0,0,0,0,0,0,0,0,0,0,0,0,10002,10002,10032,10032,10062,10062,4,0,0,0,0,0,0,0,0,0,0,0,0,0,0,0,0,1800025,1800027,0,0,1,0,0,0,0,0,0,1,0,20160322,1
1800027,Red Monkey King Earring (Event)  +5,10,2,10,0,1275,34,1111-1111-1111-1111-1111-1111-1111-1111,5327,0,0,0,0,0,0,1,0,0,1,1,0,0,1,1,3,2,1,1,1800027,0,0,0,0,0,0,0,0,0,0,0,0,0,0,1,40,2,40,3,40,4,40,236,110,233,300,0,0,0,0,0,0,0,0,0,0,0,0,10002,10002,10032,10032,10062,10062,5,0,0,0,0,0,0,0,0,0,0,0,0,0,0,0,0,1800026,980986,0,0,1,0,0,0,0,0,0,1,0,20160322,1
1805000,Armega Necklace (30 Days),2,2,5,0,0,34,1111-1111-1111-1111-1111-1111-1111-1111,1388,0,0,1500,0,0,0,1,0,1,1,1,0,0,1,1,3,2,1,0,0,0,0,0,0,0,0,0,0,0,0,0,0,0,0,169,10,168,10,233,552,235,175,232,235,0,0,0,0,0,0,0,0,0,0,0,0,0,0,0,0,0,0,0,0,0,0,0,0,0,0,0,0,0,0,0,0,0,0,0,0,0,0,0,2592000,1,1,0,0,0,0,0,0,0,0,0,1
1805001,Spell Plume (30 Days),2,2,1,0,0,34,1111-1111-1111-1111-1111-1111-1111-1111,950,0,0,1500,0,0,0,1,0,1,1,1,0,0,1,1,3,2,1,0,0,0,0,0,0,0,0,0,0,0,0,0,0,0,0,1,50,2,50,3,50,4,50,0,0,0,0,0,0,0,0,0,0,0,0,0,0,0,0,0,0,0,0,0,0,0,0,0,0,0,0,0,0,0,0,0,0,0,0,0,0,0,0,0,2592000,1,1,0,0,0,0,0,0,0,0,0,1
2500000,Baal Necklace 6hours,2,2,5,0,0,34,1111-1111-1111-1111-1111-1111-1111-1111,1162,0,0,1500,0,0,0,70,0,1,1,1,0,0,1,1,3,2,1,0,0,0,0,0,0,0,0,0,0,0,0,0,0,0,0,74,18,97,8,235,180,29,2,0,0,0,0,0,0,0,0,0,0,0,0,0,0,0,0,0,0,0,0,0,0,0,0,0,0,0,0,0,0,0,0,0,0,0,0,0,0,0,0,0,21600,1,1,0,0,0,0,0,0,0,0,0,1
2500001,Pledge of Disillusion 6hours,2,2,5,0,0,34,1111-1111-1111-1111-1111-1111-1111-1111,956,0,0,1500,0,0,0,70,0,1,1,1,0,0,1,1,3,2,1,0,0,0,0,0,0,0,0,0,0,0,0,0,0,0,0,169,9,244,350,74,16,0,0,0,0,0,0,0,0,0,0,0,0,0,0,0,0,0,0,0,0,0,0,0,0,0,0,0,0,0,0,0,0,0,0,0,0,0,0,0,0,0,0,0,21600,1,1,0,0,0,0,0,0,0,0,0,1
2500002,Signet of Chaos 6hours,2,2,5,0,0,34,1111-1111-1111-1111-1111-1111-1111-1111,946,0,0,1500,0,0,0,70,0,1,1,1,0,0,1,1,3,2,1,0,0,0,0,0,0,0,0,0,0,0,0,0,0,0,0,34,5,225,5,37,5,96,3500,169,12,0,0,0,0,0,0,0,0,0,0,0,0,0,0,0,0,0,0,0,0,0,0,0,0,0,0,0,0,0,0,0,0,0,0,0,0,0,0,0,21600,1,1,0,0,0,0,0,0,0,0,0,1
2500003,Dragonic Lachrymae 60 Days,2,2,5,0,0,34,1111-1111-1111-1111-1111-1111-1111-1111,1066,0,0,0,0,0,0,1,0,1,1,1,0,0,1,1,3,2,1,0,0,0,0,0,0,0,0,0,0,0,0,0,0,0,0,34,10,225,10,37,10,232,300,233,300,236,200,0,0,0,0,0,0,0,0,0,0,0,0,0,0,0,0,0,0,0,0,0,0,0,0,0,0,0,0,0,0,0,0,0,0,0,0,0,5184000,1,1,0,0,0,0,0,0,0,0,0,1
2500004,Dragonic Squama 60 Days,2,2,5,0,0,34,1111-1111-1111-1111-1111-1111-1111-1111,1033,0,0,0,0,0,0,1,0,1,1,1,0,0,1,1,3,2,1,0,0,0,0,0,0,0,0,0,0,0,0,0,0,0,0,168,12,169,12,234,200,235,200,54,10,0,0,0,0,0,0,0,0,0,0,0,0,0,0,0,0,0,0,0,0,0,0,0,0,0,0,0,0,0,0,0,0,0,0,0,0,0,0,0,5184000,1,1,0,0,0,0,0,0,0,0,0,1
2500005,Spell Kracion 60 Days,2,2,1,0,0,34,1111-1111-1111-1111-1111-1111-1111-1111,950,0,0,1500,0,0,0,1,0,1,1,1,0,0,1,1,3,2,1,0,0,0,0,0,0,0,0,0,0,0,0,0,0,0,0,1,70,2,70,3,70,4,70,0,0,0,0,0,0,0,0,0,0,0,0,0,0,0,0,0,0,0,0,0,0,0,0,0,0,0,0,0,0,0,0,0,0,0,0,0,0,0,0,0,5184000,1,1,0,0,0,0,0,0,0,0,0,1
2500006,Dragon Claw 5 Days,2,2,0,0,0,34,1111-1111-1111-1111-1111-1111-1111-1111,1024,0,0,1500,0,0,0,1,0,1,1,1,0,0,1,1,3,2,1,0,0,0,0,0,0,0,0,0,0,0,0,0,0,0,0,8,2000,16,2000,10,1000,18,1000,0,0,0,0,0,0,0,0,0,0,0,0,0,0,0,0,0,0,0,0,0,0,0,0,0,0,0,0,0,0,0,0,0,0,0,0,0,0,0,0,0,432000,1,1,0,0,1,8800,2,1,0,0,0,1
2500007,Dragon Horn 5 Days,2,2,0,0,0,34,1111-1111-1111-1111-1111-1111-1111-1111,1023,0,0,1500,0,0,0,1,0,1,1,1,0,0,1,1,3,2,1,0,0,0,0,0,0,0,0,0,0,0,0,0,0,0,0,1,60,2,60,4,60,3,60,0,0,0,0,0,0,0,0,0,0,0,0,0,0,0,0,0,0,0,0,0,0,0,0,0,0,0,0,0,0,0,0,0,0,0,0,0,0,0,0,0,432000,1,1,0,0,5,15000,2,1,0,0,0,1
2500008,Dragonic Ungula 5 Days,2,2,5,0,0,34,1111-1111-1111-1111-1111-1111-1111-1111,1031,0,0,1500,0,0,0,1,0,1,1,1,0,0,1,1,3,2,1,0,0,0,0,0,0,0,0,0,0,0,0,0,0,0,0,8,5000,16,5000,10,5000,18,5000,31,10,0,0,0,0,0,0,0,0,0,0,0,0,0,0,0,0,0,0,0,0,0,0,0,0,0,0,0,0,0,0,0,0,0,0,0,0,0,0,0,432000,1,1,0,0,9,24000,2,1,0,0,0,1
2500009,Strength Dragonic Perpetuus 1Day,2,2,5,0,0,34,1111-1111-1111-1111-1111-1111-1111-1111,1461,0,0,1500,0,0,0,1,0,1,1,1,0,0,1,1,3,2,1,0,0,0,0,0,0,0,0,0,0,0,0,0,0,0,0,1,150,3,150,236,300,235,300,31,15,233,400,34,10,225,10,37,10,0,0,0,0,0,0,0,0,0,0,0,0,0,0,0,0,0,0,0,0,0,0,0,0,0,0,0,0,0,0,0,86400,1,1,0,0,13,39800,2,1,0,0,0,1
2500010,Dexterity Dragonic Perpetuus 1Day,2,2,5,0,0,34,1111-1111-1111-1111-1111-1111-1111-1111,1461,0,0,1500,0,0,0,1,0,1,1,1,0,0,1,1,3,2,1,0,0,0,0,0,0,0,0,0,0,0,0,0,0,0,0,2,150,3,150,236,300,235,300,31,15,233,400,34,10,225,10,37,10,0,0,0,0,0,0,0,0,0,0,0,0,0,0,0,0,0,0,0,0,0,0,0,0,0,0,0,0,0,0,0,86400,1,1,0,0,13,39800,2,1,0,0,0,1
2500011,Spirit Dragonic Perpetuus 1Day,2,2,5,0,0,34,1111-1111-1111-1111-1111-1111-1111-1111,1461,0,0,1500,0,0,0,1,0,1,1,1,0,0,1,1,3,2,1,0,0,0,0,0,0,0,0,0,0,0,0,0,0,0,0,4,150,3,150,236,300,235,300,31,15,233,400,34,10,225,10,37,10,0,0,0,0,0,0,0,0,0,0,0,0,0,0,0,0,0,0,0,0,0,0,0,0,0,0,0,0,0,0,0,86400,1,1,0,0,13,39800,2,1,0,0,0,1
2500012,Mystra Platinum Necklace,2,2,0,0,0,34,1111-1111-1111-1111-1111-1111-1111-1111,582,0,0,1500,0,0,0,170,0,1,1,1,0,0,1,1,3,2,1,0,0,0,0,0,0,0,0,0,0,0,0,0,0,0,0,236,150,233,430,8,510,22,15,169,4,0,0,0,0,0,0,0,0,0,0,0,0,0,0,0,0,0,0,0,0,0,0,0,0,0,0,0,0,0,0,0,0,0,0,0,0,0,0,0,0,1,1,0,0,0,0,0,0,0,0,0,1
2500013,Wedding Ring,2,2,3,0,0,34,1111-1111-1111-1111-1111-1111-1111-1111,3565,0,0,1500,0,0,0,140,0,1,1,1,0,0,1,1,3,2,1,0,0,0,0,0,0,0,0,0,0,0,0,0,0,0,0,1,30,2,30,4,30,233,250,235,200,63,4,34,4,225,4,37,4,0,0,0,0,0,0,0,0,0,0,0,0,0,0,0,0,0,0,0,0,0,0,0,0,0,0,0,0,0,0,0,0,1,1,0,0,0,0,0,0,0,0,0,1
2500014,Wedding Ring 30 Days,2,2,3,0,0,34,1111-1111-1111-1111-1111-1111-1111-1111,3565,0,0,1500,0,0,0,140,0,1,1,1,0,0,1,1,3,2,1,0,0,0,0,0,0,0,0,0,0,0,0,0,0,0,0,1,20,2,20,4,20,233,200,235,150,63,2,34,2,225,2,37,2,0,0,0,0,0,0,0,0,0,0,0,0,0,0,0,0,0,0,0,0,0,0,0,0,0,0,0,0,0,0,0,2592000,1,1,0,0,0,0,0,0,0,0,0,1
2500015,Wedding Ring 7 Days,2,2,3,0,0,34,1111-1111-1111-1111-1111-1111-1111-1111,3565,0,0,1500,0,0,0,140,0,1,1,1,0,0,1,1,3,2,1,0,0,0,0,0,0,0,0,0,0,0,0,0,0,0,0,1,20,2,20,4,20,233,200,235,150,63,2,34,2,225,2,37,2,0,0,0,0,0,0,0,0,0,0,0,0,0,0,0,0,0,0,0,0,0,0,0,0,0,0,0,0,0,0,0,604800,1,1,0,0,0,0,0,0,0,0,0,1
2500016,Wedding Ring 2 Hours,2,2,3,0,0,34,1111-1111-1111-1111-1111-1111-1111-1111,3565,0,0,1500,0,0,0,140,0,1,1,1,0,0,1,1,3,2,1,0,0,0,0,0,0,0,0,0,0,0,0,0,0,0,0,1,20,2,20,4,20,233,200,235,150,0,0,0,0,0,0,0,0,0,0,0,0,0,0,0,0,0,0,0,0,0,0,0,0,0,0,0,0,0,0,0,0,0,0,0,0,0,0,0,7200,1,1,0,0,0,0,0,0,0,0,0,1
2500017,Spell Kracion,2,2,1,0,0,34,1111-1111-1111-1111-1111-1111-1111-1111,950,0,0,1500,0,0,0,170,0,1,1,1,0,0,1,1,3,2,1,0,0,0,0,0,0,0,0,0,0,0,0,0,0,0,0,1,70,2,70,3,70,4,70,0,0,0,0,0,0,0,0,0,0,0,0,0,0,0,0,0,0,0,0,0,0,0,0,0,0,0,0,0,0,0,0,0,0,0,0,0,0,0,0,0,0,1,1,0,0,0,0,0,0,0,0,0,1
2500018,Sealed Spell Dragon,2,2,1,0,0,34,1111-1111-1111-1111-1111-1111-1111-1111,3699,0,0,1500,0,0,1,150,0,1,1,1,0,0,1,1,3,2,1,0,0,0,0,0,0,0,0,0,0,0,0,0,0,0,0,1,30,2,30,3,30,4,30,0,0,0,0,0,0,0,0,0,0,0,0,0,0,0,0,0,0,0,0,0,0,0,0,0,0,0,0,0,0,0,0,0,0,0,0,0,0,0,0,0,0,1,1,0,0,0,0,0,0,0,0,0,1
2500019,Spell Dragon,2,2,1,0,0,34,1111-1111-1111-1111-1111-1111-1111-1111,3699,0,0,1500,0,0,0,150,0,1,1,1,0,0,1,1,3,2,1,0,0,0,0,0,0,0,0,0,0,0,0,0,0,0,0,1,40,2,40,3,40,4,40,54,2,0,0,0,0,0,0,0,0,0,0,0,0,0,0,0,0,0,0,0,0,0,0,0,0,0,0,0,0,0,0,0,0,0,0,0,0,0,0,0,0,1,1,0,0,0,0,0,0,0,0,0,1
2500020,Perfect Spell Dragon,2,2,1,0,0,34,1111-1111-1111-1111-1111-1111-1111-1111,3699,0,0,1500,0,0,0,150,0,1,1,1,0,0,1,1,3,2,1,0,0,0,0,0,0,0,0,0,0,0,0,0,0,0,0,1,50,2,50,3,50,4,50,54,3,169,4,0,0,0,0,0,0,0,0,0,0,0,0,0,0,0,0,0,0,0,0,0,0,0,0,0,0,0,0,0,0,0,0,0,0,0,0,0,0,1,1,0,0,0,0,0,0,0,0,0,1
2500021,Primus Anno Novus Ring,2,2,3,0,10033,34,1111-1111-1111-1111-1111-1111-1111-1111,558,0,0,0,0,0,0,100,0,1,1,1,0,0,1,1,3,2,1,0,0,0,0,0,0,0,0,0,0,0,0,0,0,0,0,1,1,2,1,3,1,0,0,0,0,0,0,0,0,0,0,0,0,0,0,0,0,0,0,0,0,0,0,0,0,0,0,0,0,0,0,0,0,0,0,0,0,0,0,0,0,0,0,0,0,1,1,0,0,0,0,0,0,0,0,0,1
2500022,Secondus Anno Novus Ring,2,2,3,0,10033,34,1111-1111-1111-1111-1111-1111-1111-1111,557,0,0,0,0,0,0,100,0,1,1,1,0,0,1,1,3,2,1,0,0,0,0,0,0,0,0,0,0,0,0,0,0,0,0,1,1,2,1,3,1,0,0,0,0,0,0,0,0,0,0,0,0,0,0,0,0,0,0,0,0,0,0,0,0,0,0,0,0,0,0,0,0,0,0,0,0,0,0,0,0,0,0,0,0,1,1,0,0,0,0,0,0,0,0,0,1
2500023,Tertius Anno Novus Ring,2,2,3,0,10033,34,1111-1111-1111-1111-1111-1111-1111-1111,556,0,0,0,0,0,0,100,0,1,1,1,0,0,1,1,3,2,1,0,0,0,0,0,0,0,0,0,0,0,0,0,0,0,0,1,1,2,1,3,1,0,0,0,0,0,0,0,0,0,0,0,0,0,0,0,0,0,0,0,0,0,0,0,0,0,0,0,0,0,0,0,0,0,0,0,0,0,0,0,0,0,0,0,0,1,1,0,0,0,0,0,0,0,0,0,1
2500024,Quartus Anno Novus Ring,2,2,3,0,0,34,1111-1111-1111-1111-1111-1111-1111-1111,555,0,0,0,0,0,0,100,0,1,1,1,0,0,1,1,3,2,1,0,0,0,0,0,0,0,0,0,0,0,0,0,0,0,0,1,1,2,1,3,1,0,0,0,0,0,0,0,0,0,0,0,0,0,0,0,0,0,0,0,0,0,0,0,0,0,0,0,0,0,0,0,0,0,0,0,0,0,0,0,0,0,0,0,0,1,1,0,0,0,0,0,0,0,0,0,1
2500025,Dragon Garnet Necklace,2,2,0,0,0,34,1111-1111-1111-1111-1111-1111-1111-1111,3695,0,0,1500,0,0,0,105,0,1,1,1,0,0,1,1,3,2,1,0,0,0,0,0,0,0,0,0,0,0,0,0,0,0,0,236,40,233,130,8,300,19,2,0,0,0,0,0,0,0,0,0,0,0,0,0,0,0,0,0,0,0,0,0,0,0,0,0,0,0,0,0,0,0,0,0,0,0,0,0,0,0,0,0,0,1,1,0,0,0,0,0,0,0,0,0,1
2500026,Dragon Blande Necklace,2,2,0,0,0,34,1111-1111-1111-1111-1111-1111-1111-1111,3696,0,0,1500,0,0,0,130,0,1,1,1,0,0,1,1,3,2,1,0,0,0,0,0,0,0,0,0,0,0,0,0,0,0,0,236,70,233,220,8,380,19,5,169,1,0,0,0,0,0,0,0,0,0,0,0,0,0,0,0,0,0,0,0,0,0,0,0,0,0,0,0,0,0,0,0,0,0,0,0,0,0,0,0,0,1,1,0,0,0,0,0,0,0,0,0,1
2500027,Dragon Platinum Necklace,2,2,0,0,0,34,1111-1111-1111-1111-1111-1111-1111-1111,3697,0,0,1500,0,0,0,170,0,1,1,1,0,0,1,1,3,2,1,0,0,0,0,0,0,0,0,0,0,0,0,0,0,0,0,236,150,233,430,8,510,19,15,169,3,0,0,0,0,0,0,0,0,0,0,0,0,0,0,0,0,0,0,0,0,0,0,0,0,0,0,0,0,0,0,0,0,0,0,0,0,0,0,0,0,1,1,0,0,0,0,0,0,0,0,0,1
2500028,Master Dragon Necklace,2,2,0,0,0,34,1111-1111-1111-1111-1111-1111-1111-1111,3698,0,0,1500,0,0,0,175,0,1,1,1,0,0,1,1,3,2,1,0,0,0,0,0,0,0,0,0,0,0,0,0,0,0,0,236,190,233,530,8,750,53,5,169,6,43,5,0,0,0,0,0,0,0,0,0,0,0,0,0,0,0,0,0,0,0,0,0,0,0,0,0,0,0,0,0,0,0,0,0,0,0,0,0,0,1,1,0,0,0,0,0,0,0,0,0,1
2500029,Master Wedding Ring,2,2,3,0,0,34,1111-1111-1111-1111-1111-1111-1111-1111,3565,0,0,1500,0,0,0,175,0,1,1,1,0,0,1,1,3,2,1,0,0,0,0,0,0,0,0,0,0,0,0,0,0,0,0,1,40,2,40,3,40,4,40,233,350,235,250,169,6,325,7,42,2,337,2000,0,0,0,0,0,0,0,0,0,0,0,0,0,0,0,0,0,0,0,0,0,0,0,0,0,0,0,0,0,0,1,1,0,0,0,0,0,0,0,0,0,1
2500030,Halloween Necklace Tier 1,2,2,0,0,0,34,1111-1111-1111-1111-1111-1111-1111-1111,3695,0,0,1500,0,0,0,1,0,1,1,1,0,0,1,1,3,2,1,0,0,0,0,0,0,0,0,0,0,0,0,0,0,0,0,10,1000,0,0,0,0,0,0,0,0,0,0,0,0,0,0,0,0,0,0,0,0,0,0,0,0,0,0,0,0,0,0,0,0,0,0,0,0,0,0,0,0,0,0,0,0,0,0,0,0,1,1,0,0,0,0,0,0,0,0,0,1
2500031,Halloween Necklace Tier 2,2,2,0,0,0,34,1111-1111-1111-1111-1111-1111-1111-1111,3695,0,0,1500,0,0,0,1,0,1,1,1,0,0,1,1,3,2,1,0,0,0,0,0,0,0,0,0,0,0,0,0,0,0,0,10,1500,235,20,0,0,0,0,0,0,0,0,0,0,0,0,0,0,0,0,0,0,0,0,0,0,0,0,0,0,0,0,0,0,0,0,0,0,0,0,0,0,0,0,0,0,0,0,0,0,1,1,0,0,0,0,0,0,0,0,0,1
2500032,Halloween Necklace Tier 3,2,2,0,0,0,34,1111-1111-1111-1111-1111-1111-1111-1111,3695,0,0,1500,0,0,0,1,0,1,1,1,0,0,1,1,3,2,1,0,0,0,0,0,0,0,0,0,0,0,0,0,0,0,0,10,2000,235,40,325,1,0,0,0,0,0,0,0,0,0,0,0,0,0,0,0,0,0,0,0,0,0,0,0,0,0,0,0,0,0,0,0,0,0,0,0,0,0,0,0,0,0,0,0,0,1,1,0,0,0,0,0,0,0,0,0,1
2500033,Halloween Necklace Tier 4,2,2,0,0,0,34,1111-1111-1111-1111-1111-1111-1111-1111,3695,0,0,1500,0,0,0,1,0,1,1,1,0,0,1,1,3,2,1,0,0,0,0,0,0,0,0,0,0,0,0,0,0,0,0,10,3000,235,70,325,2,236,50,0,0,0,0,0,0,0,0,0,0,0,0,0,0,0,0,0,0,0,0,0,0,0,0,0,0,0,0,0,0,0,0,0,0,0,0,0,0,0,0,0,0,1,1,0,0,0,0,0,0,0,0,0,1
2500034,Halloween Necklace Tier 5,2,2,0,0,0,34,1111-1111-1111-1111-1111-1111-1111-1111,3695,0,0,1500,0,0,0,1,0,1,1,1,0,0,1,1,3,2,1,0,0,0,0,0,0,0,0,0,0,0,0,0,0,0,0,10,5000,235,150,325,3,236,150,43,8,0,0,0,0,0,0,0,0,0,0,0,0,0,0,0,0,0,0,0,0,0,0,0,0,0,0,0,0,0,0,0,0,0,0,0,0,0,0,0,0,1,1,0,0,0,0,0,0,0,0,0,1
2500035,Spell Kracion 14 Days,2,2,1,0,0,34,1111-1111-1111-1111-1111-1111-1111-1111,950,0,0,0,0,0,0,1,0,1,1,1,0,0,1,1,3,2,1,0,0,0,0,0,0,0,0,0,0,0,0,0,0,0,0,1,70,2,70,3,70,4,70,0,0,0,0,0,0,0,0,0,0,0,0,0,0,0,0,0,0,0,0,0,0,0,0,0,0,0,0,0,0,0,0,0,0,0,0,0,0,0,0,0,1209600,1,1,0,0,0,0,0,0,0,0,0,1
2500036,The One And Only Battlefield Earring 14 Days,3,2,1,0,0,34,1111-1111-1111-1111-1111-1111-1111-1111,3352,0,0,0,0,0,0,1,0,1,1,1,0,0,1,1,3,2,1,0,0,0,0,0,0,0,0,0,0,0,0,0,0,0,0,1,90,2,90,3,90,4,90,0,0,0,0,0,0,0,0,0,0,0,0,0,0,0,0,0,0,0,0,0,0,0,0,0,0,0,0,0,0,0,0,0,0,0,0,0,0,0,0,0,1209600,1,1,0,0,0,0,0,0,0,0,0,1
2500037,Dragonic Lachrymae 3 Days,2,2,5,0,0,34,1111-1111-1111-1111-1111-1111-1111-1111,1066,0,0,0,0,0,0,1,0,1,1,1,0,0,1,1,3,2,1,0,0,0,0,0,0,0,0,0,0,0,0,0,0,0,0,34,10,225,10,37,10,232,300,233,300,236,200,0,0,0,0,0,0,0,0,0,0,0,0,0,0,0,0,0,0,0,0,0,0,0,0,0,0,0,0,0,0,0,0,0,0,0,0,0,259200,1,1,0,0,0,0,0,0,0,0,0,1
2500038,Dragonic Squama 3 Days,2,2,5,0,0,34,1111-1111-1111-1111-1111-1111-1111-1111,1033,0,0,0,0,0,0,1,0,1,1,1,0,0,1,1,3,2,1,0,0,0,0,0,0,0,0,0,0,0,0,0,0,0,0,168,12,169,12,234,200,235,200,54,10,0,0,0,0,0,0,0,0,0,0,0,0,0,0,0,0,0,0,0,0,0,0,0,0,0,0,0,0,0,0,0,0,0,0,0,0,0,0,0,259200,1,1,0,0,0,0,0,0,0,0,0,1
2500043,Golden Dragon's Earring 30days,2,2,1,0,0,34,1111-1111-1111-1111-1111-1111-1111-1111,3479,0,0,0,0,0,0,1,0,1,1,1,0,0,1,1,3,2,1,0,0,0,0,0,0,0,0,0,0,0,0,0,0,0,0,1,50,2,50,3,50,4,50,324,500,0,0,51,7,236,200,43,5,0,0,0,0,0,0,0,0,0,0,0,0,0,0,0,0,0,0,0,0,0,0,0,0,0,0,0,0,0,0,0,2592000,1,1,0,0,0,0,0,0,0,0,0,1
2500044,Halloween Spookulet Tier 1,0,2,3,0,0,34,1111-1111-1111-1111-1111-1111-1111-1111,3169,0,0,0,0,0,0,100,0,1,1,1,0,0,1,1,3,2,1,0,0,0,0,0,0,0,0,0,0,0,0,0,0,0,0,168,3,0,0,0,0,0,0,0,0,0,0,0,0,0,0,0,0,0,0,0,0,0,0,0,0,0,0,0,0,0,0,0,0,0,0,0,0,0,0,0,0,0,0,0,0,0,0,0,0,1,1,0,0,0,0,0,0,0,0,0,1
2500045,Halloween Spookulet Tier 2,0,2,3,0,0,34,1111-1111-1111-1111-1111-1111-1111-1111,3169,0,0,0,0,0,0,100,0,1,1,1,0,0,1,1,3,2,1,0,0,0,0,0,0,0,0,0,0,0,0,0,0,0,0,168,5,235,100,0,0,0,0,0,0,0,0,0,0,0,0,0,0,0,0,0,0,0,0,0,0,0,0,0,0,0,0,0,0,0,0,0,0,0,0,0,0,0,0,0,0,0,0,0,0,1,1,0,0,0,0,0,0,0,0,0,1
2500046,Halloween Spookulet Tier 3,0,2,3,0,0,34,1111-1111-1111-1111-1111-1111-1111-1111,3169,0,0,0,0,0,0,100,0,1,1,1,0,0,1,1,3,2,1,0,0,0,0,0,0,0,0,0,0,0,0,0,0,0,0,168,7,235,150,234,100,0,0,0,0,0,0,0,0,0,0,0,0,0,0,0,0,0,0,0,0,0,0,0,0,3,0,0,0,0,0,0,0,0,0,0,0,0,0,0,0,0,0,0,0,1,1,0,0,0,0,0,0,0,0,0,1
2500047,Halloween Spookulet Tier 4,0,2,3,0,0,34,1111-1111-1111-1111-1111-1111-1111-1111,3169,0,0,0,0,0,0,100,0,1,1,1,0,0,1,1,3,2,1,0,0,0,0,0,0,0,0,0,0,0,0,0,0,0,0,168,10,235,200,234,150,61,5,0,0,0,0,0,0,0,0,0,0,0,0,0,0,0,0,0,0,0,0,0,0,6,0,0,0,0,0,0,0,0,0,0,0,0,0,0,0,0,0,0,0,1,1,0,0,0,0,0,0,0,0,0,1
2500048,Halloween Spookulet Tier 5,0,2,3,0,0,34,1111-1111-1111-1111-1111-1111-1111-1111,3169,0,0,0,0,0,0,100,0,1,1,1,0,0,1,1,3,2,1,0,0,0,0,0,0,0,0,0,0,0,0,0,0,0,0,168,15,235,250,234,200,61,10,49,5,0,0,0,0,0,0,0,0,0,0,0,0,0,0,0,0,0,0,0,0,9,0,0,0,0,0,0,0,0,0,0,0,0,0,0,0,0,0,0,0,1,1,0,0,0,0,0,0,0,0,0,1
2500049,S2 Primus Anno Novus Ring,2,2,3,0,0,34,1111-1111-1111-1111-1111-1111-1111-1111,558,0,0,0,0,0,0,100,0,1,1,1,0,0,1,1,3,2,1,0,0,0,0,0,0,0,0,0,0,0,0,0,0,0,0,168,4,235,30,234,30,49,3,0,0,0,0,0,0,0,0,0,0,0,0,0,0,0,0,0,0,0,0,0,0,0,0,0,0,0,0,0,0,0,0,0,0,0,0,0,0,0,0,0,0,1,1,0,0,0,0,0,0,0,0,0,1
2500050,S2 Secondus Anno Novus Ring,2,2,3,0,0,34,1111-1111-1111-1111-1111-1111-1111-1111,557,0,0,0,0,0,0,100,0,1,1,1,0,0,1,1,3,2,1,0,0,0,0,0,0,0,0,0,0,0,0,0,0,0,0,168,6,235,100,234,100,49,6,0,0,0,0,0,0,0,0,0,0,0,0,0,0,0,0,0,0,0,0,0,0,6,0,0,0,0,0,0,0,0,0,0,0,0,0,0,0,0,0,0,0,1,1,0,0,0,0,0,0,0,0,0,1
2500051,S2 Tertius Anno Novus Ring,2,2,3,0,0,34,1111-1111-1111-1111-1111-1111-1111-1111,556,0,0,0,0,0,0,100,0,1,1,1,0,0,1,1,3,2,1,0,0,0,0,0,0,0,0,0,0,0,0,0,0,0,0,168,8,235,220,234,150,49,9,0,0,0,0,0,0,0,0,0,0,0,0,0,0,0,0,0,0,0,0,0,0,6,0,0,0,0,0,0,0,0,0,0,0,0,0,0,0,0,0,0,0,1,1,0,0,0,0,0,0,0,0,0,1
2500052,S2 Quartus Anno Novus Ring,2,2,3,0,0,34,1111-1111-1111-1111-1111-1111-1111-1111,555,0,0,0,0,0,0,100,0,1,1,1,0,0,1,1,3,2,1,0,0,0,0,0,0,0,0,0,0,0,0,0,0,0,0,168,12,235,280,234,220,49,15,316,5,0,0,0,0,0,0,0,0,0,0,0,0,0,0,0,0,0,0,0,0,9,0,0,0,0,0,0,0,0,0,0,0,0,0,0,0,0,0,0,0,1,1,0,0,0,0,0,0,0,0,0,1
2500053,Halloween Spookulet Tier 6,0,2,3,0,0,34,1111-1111-1111-1111-1111-1111-1111-1111,3169,0,0,0,0,0,0,100,0,1,1,1,0,0,1,1,3,2,1,0,0,0,0,0,0,0,0,0,0,0,0,0,0,0,0,168,15,61,12,49,6,316,20,318,10,325,5,0,0,0,0,0,0,0,0,0,0,0,0,0,0,0,0,0,0,9,0,0,0,0,0,0,0,0,0,0,0,0,0,0,0,0,0,0,0,1,1,0,0,0,0,0,0,0,0,0,1
2500054,Legendary Dragon Necklace,0,2,3,0,0,34,1111-1111-1111-1111-1111-1111-1111-1111,5703,0,0,0,0,0,0,175,0,1,1,1,0,0,1,1,3,2,1,0,0,0,0,0,0,0,0,0,0,0,0,0,0,0,0,236,200,233,550,8,800,53,5,169,6,43,5,0,0,0,0,0,0,0,0,0,0,0,0,0,0,0,0,0,0,9,0,0,0,0,0,0,0,0,0,0,0,0,0,0,0,0,0,0,0,1,1,0,0,0,0,0,0,0,0,0,1
2500055,Legendary Dragon Necklace - ASR,0,2,3,0,0,34,1111-1111-1111-1111-1111-1111-1111-1111,5703,0,0,0,0,0,0,175,0,1,1,1,0,0,1,1,3,2,1,0,0,0,0,0,0,0,0,0,0,0,0,0,0,0,0,236,200,233,550,8,800,53,5,169,6,43,5,53,2,0,0,0,0,0,0,0,0,0,0,0,0,0,0,0,0,9,0,0,0,0,0,0,0,0,0,0,0,0,0,0,0,0,0,0,0,1,1,0,0,0,0,0,0,0,0,0,1
2500056,Legendary Dragon Necklace - PK/PVP,0,2,3,0,0,34,1111-1111-1111-1111-1111-1111-1111-1111,5703,0,0,0,0,0,0,175,0,1,1,1,0,0,1,1,3,2,1,0,0,0,0,0,0,0,0,0,0,0,0,0,0,0,0,236,200,233,550,8,800,53,5,169,6,43,5,169,2,0,0,0,0,0,0,0,0,0,0,0,0,0,0,0,0,9,0,0,0,0,0,0,0,0,0,0,0,0,0,0,0,0,0,0,0,1,1,0,0,0,0,0,0,0,0,0,1
2500057,Legendary Dragon Necklace - DDR,0,2,3,0,0,34,1111-1111-1111-1111-1111-1111-1111-1111,5703,0,0,0,0,0,0,175,0,1,1,1,0,0,1,1,3,2,1,0,0,0,0,0,0,0,0,0,0,0,0,0,0,0,0,236,200,233,550,8,800,53,5,169,6,43,5,63,2,0,0,0,0,0,0,0,0,0,0,0,0,0,0,0,0,9,0,0,0,0,0,0,0,0,0,0,0,0,0,0,0,0,0,0,0,1,1,0,0,0,0,0,0,0,0,0,1
2500058,Legendary Dragon Necklace - Acceleration,0,2,3,0,0,34,1111-1111-1111-1111-1111-1111-1111-1111,5703,0,0,0,0,0,0,175,0,1,1,1,0,0,1,1,3,2,1,0,0,0,0,0,0,0,0,0,0,0,0,0,0,0,0,236,200,233,550,8,800,53,5,169,6,43,5,331,2,0,0,0,0,0,0,0,0,0,0,0,0,0,0,0,0,9,0,0,0,0,0,0,0,0,0,0,0,0,0,0,0,0,0,0,0,1,1,0,0,0,0,0,0,0,0,0,1
2500059,Legendary Dragon Necklace - Guard,0,2,3,0,0,34,1111-1111-1111-1111-1111-1111-1111-1111,5703,0,0,0,0,0,0,175,0,1,1,1,0,0,1,1,3,2,1,0,0,0,0,0,0,0,0,0,0,0,0,0,0,0,0,236,200,233,550,8,800,53,5,169,6,43,5,51,2,0,0,0,0,0,0,0,0,0,0,0,0,0,0,0,0,9,0,0,0,0,0,0,0,0,0,0,0,0,0,0,0,0,0,0,0,1,1,0,0,0,0,0,0,0,0,0,1
2500060,Legendary Dragon Necklace - Block,0,2,3,0,0,34,1111-1111-1111-1111-1111-1111-1111-1111,5703,0,0,0,0,0,0,175,0,1,1,1,0,0,1,1,3,2,1,0,0,0,0,0,0,0,0,0,0,0,0,0,0,0,0,236,200,233,550,8,800,53,5,169,6,43,5,50,2,0,0,0,0,0,0,0,0,0,0,0,0,0,0,0,0,9,0,0,0,0,0,0,0,0,0,0,0,0,0,0,0,0,0,0,0,1,1,0,0,0,0,0,0,0,0,0,1
2500061,Legendary Dragon Necklace - ATT,0,2,3,0,0,34,1111-1111-1111-1111-1111-1111-1111-1111,5703,0,0,0,0,0,0,175,0,1,1,1,0,0,1,1,3,2,1,0,0,0,0,0,0,0,0,0,0,0,0,0,0,0,0,236,200,233,550,8,800,53,5,169,6,43,5,325,2,0,0,0,0,0,0,0,0,0,0,0,0,0,0,0,0,9,0,0,0,0,0,0,0,0,0,0,0,0,0,0,0,0,0,0,0,1,1,0,0,0,0,0,0,0,0,0,1
2500062,Legendary Dragon Necklace - HP,0,2,3,0,0,34,1111-1111-1111-1111-1111-1111-1111-1111,5703,0,0,0,0,0,0,175,0,1,1,1,0,0,1,1,3,2,1,0,0,0,0,0,0,0,0,0,0,0,0,0,0,0,0,236,200,233,550,8,800,53,5,169,6,43,5,9,2,0,0,0,0,0,0,0,0,0,0,0,0,0,0,0,0,9,0,0,0,0,0,0,0,0,0,0,0,0,0,0,0,0,0,0,0,1,1,0,0,0,0,0,0,0,0,0,1
2500063,Legendary Dragon Necklace - CR,0,2,3,0,0,34,1111-1111-1111-1111-1111-1111-1111-1111,5703,0,0,0,0,0,0,175,0,1,1,1,0,0,1,1,3,2,1,0,0,0,0,0,0,0,0,0,0,0,0,0,0,0,0,236,200,233,550,8,800,53,5,169,6,43,5,49,2,0,0,0,0,0,0,0,0,0,0,0,0,0,0,0,0,9,0,0,0,0,0,0,0,0,0,0,0,0,0,0,0,0,0,0,0,1,1,0,0,0,0,0,0,0,0,0,1
2500064,Legendary Dragon Necklace - CDMG,0,2,3,0,0,34,1111-1111-1111-1111-1111-1111-1111-1111,5703,0,0,0,0,0,0,175,0,1,1,1,0,0,1,1,3,2,1,0,0,0,0,0,0,0,0,0,0,0,0,0,0,0,0,236,200,233,550,8,800,53,5,169,6,43,5,61,2,0,0,0,0,0,0,0,0,0,0,0,0,0,0,0,0,9,0,0,0,0,0,0,0,0,0,0,0,0,0,0,0,0,0,0,0,1,1,0,0,0,0,0,0,0,0,0,1
2500065,Legendary Dragon Necklace - CHR,0,2,3,0,0,34,1111-1111-1111-1111-1111-1111-1111-1111,5703,0,0,0,0,0,0,175,0,1,1,1,0,0,1,1,3,2,1,0,0,0,0,0,0,0,0,0,0,0,0,0,0,0,0,236,200,233,550,8,800,53,5,169,6,43,5,54,2,0,0,0,0,0,0,0,0,0,0,0,0,0,0,0,0,9,0,0,0,0,0,0,0,0,0,0,0,0,0,0,0,0,0,0,0,1,1,0,0,0,0,0,0,0,0,0,1
2500066,Legendary Dragon Necklace - CDR,0,2,3,0,0,34,1111-1111-1111-1111-1111-1111-1111-1111,5703,0,0,0,0,0,0,175,0,1,1,1,0,0,1,1,3,2,1,0,0,0,0,0,0,0,0,0,0,0,0,0,0,0,0,236,200,233,550,8,800,53,5,169,6,43,5,334,2,0,0,0,0,0,0,0,0,0,0,0,0,0,0,0,0,9,0,0,0,0,0,0,0,0,0,0,0,0,0,0,0,0,0,0,0,1,1,0,0,0,0,0,0,0,0,0,1
2500067,Legendary Dragon Necklace - MS,0,2,3,0,0,34,1111-1111-1111-1111-1111-1111-1111-1111,5703,0,0,0,0,0,0,175,0,1,1,1,0,0,1,1,3,2,1,0,0,0,0,0,0,0,0,0,0,0,0,0,0,0,0,236,200,233,550,8,800,53,5,169,6,43,5,43,2,0,0,0,0,0,0,0,0,0,0,0,0,0,0,0,0,9,0,0,0,0,0,0,0,0,0,0,0,0,0,0,0,0,0,0,0,1,1,0,0,0,0,0,0,0,0,0,1
2500068,Legendary Dragon Necklace - DEF,0,2,3,0,0,34,1111-1111-1111-1111-1111-1111-1111-1111,5703,0,0,0,0,0,0,175,0,1,1,1,0,0,1,1,3,2,1,0,0,0,0,0,0,0,0,0,0,0,0,0,0,0,0,236,200,233,550,8,800,53,5,169,6,43,5,74,2,0,0,0,0,0,0,0,0,0,0,0,0,0,0,0,0,9,0,0,0,0,0,0,0,0,0,0,0,0,0,0,0,0,0,0,0,1,1,0,0,0,0,0,0,0,0,0,1
2500069,Legendary Dragon Necklace - MP,0,2,3,0,0,34,1111-1111-1111-1111-1111-1111-1111-1111,5703,0,0,0,0,0,0,175,0,1,1,1,0,0,1,1,3,2,1,0,0,0,0,0,0,0,0,0,0,0,0,0,0,0,0,236,200,233,550,8,800,53,5,169,6,43,5,17,2,0,0,0,0,0,0,0,0,0,0,0,0,0,0,0,0,9,0,0,0,0,0,0,0,0,0,0,0,0,0,0,0,0,0,0,0,1,1,0,0,0,0,0,0,0,0,0,1
2500070,Legendary Dragon Necklace - PK/PVP/DDR,0,2,3,0,0,34,1111-1111-1111-1111-1111-1111-1111-1111,5703,0,0,0,0,0,0,175,0,1,1,1,0,0,1,1,3,2,1,0,0,0,0,0,0,0,0,0,0,0,0,0,0,0,0,236,200,233,550,8,800,53,5,169,6,43,5,169,2,63,2,0,0,0,0,0,0,0,0,0,0,0,0,0,0,9,0,0,0,0,0,0,0,0,0,0,0,0,0,0,0,0,0,0,0,1,1,0,0,0,0,0,0,0,0,0,1
2500071,Legendary Dragon Necklace - PK/PVP/Guard,0,2,3,0,0,34,1111-1111-1111-1111-1111-1111-1111-1111,5703,0,0,0,0,0,0,175,0,1,1,1,0,0,1,1,3,2,1,0,0,0,0,0,0,0,0,0,0,0,0,0,0,0,0,236,200,233,550,8,800,53,5,169,6,43,5,169,2,51,2,0,0,0,0,0,0,0,0,0,0,0,0,0,0,9,0,0,0,0,0,0,0,0,0,0,0,0,0,0,0,0,0,0,0,1,1,0,0,0,0,0,0,0,0,0,1
2500072,Legendary Dragon Necklace - CR/MP,0,2,3,0,0,34,1111-1111-1111-1111-1111-1111-1111-1111,5703,0,0,0,0,0,0,175,0,1,1,1,0,0,1,1,3,2,1,0,0,0,0,0,0,0,0,0,0,0,0,0,0,0,0,236,200,233,550,8,800,53,5,169,6,43,5,49,2,17,2,0,0,0,0,0,0,0,0,0,0,0,0,0,0,9,0,0,0,0,0,0,0,0,0,0,0,0,0,0,0,0,0,0,0,1,1,0,0,0,0,0,0,0,0,0,1
2500073,Legendary Dragon Necklace - CR/HP,0,2,3,0,0,34,1111-1111-1111-1111-1111-1111-1111-1111,5703,0,0,0,0,0,0,175,0,1,1,1,0,0,1,1,3,2,1,0,0,0,0,0,0,0,0,0,0,0,0,0,0,0,0,236,200,233,550,8,800,53,5,169,6,43,5,49,2,9,2,0,0,0,0,0,0,0,0,0,0,0,0,0,0,9,0,0,0,0,0,0,0,0,0,0,0,0,0,0,0,0,0,0,0,1,1,0,0,0,0,0,0,0,0,0,1
2500074,Legendary Dragon Necklace - DEF/DDR,0,2,3,0,0,34,1111-1111-1111-1111-1111-1111-1111-1111,5703,0,0,0,0,0,0,175,0,1,1,1,0,0,1,1,3,2,1,0,0,0,0,0,0,0,0,0,0,0,0,0,0,0,0,236,200,233,550,8,800,53,5,169,6,43,5,74,2,63,2,0,0,0,0,0,0,0,0,0,0,0,0,0,0,9,0,0,0,0,0,0,0,0,0,0,0,0,0,0,0,0,0,0,0,1,1,0,0,0,0,0,0,0,0,0,1
2500075,Legendary Dragon Necklace - DEF/MS,0,2,3,0,0,34,1111-1111-1111-1111-1111-1111-1111-1111,5703,0,0,0,0,0,0,175,0,1,1,1,0,0,1,1,3,2,1,0,0,0,0,0,0,0,0,0,0,0,0,0,0,0,0,236,200,233,550,8,800,53,5,169,6,43,5,74,2,43,2,0,0,0,0,0,0,0,0,0,0,0,0,0,0,9,0,0,0,0,0,0,0,0,0,0,0,0,0,0,0,0,0,0,0,1,1,0,0,0,0,0,0,0,0,0,1
2500076,Master Dragon Necklace (A),2,2,0,0,0,34,1111-1111-1111-1111-1111-1111-1111-1111,3698,0,0,1500,0,0,0,1,0,1,1,1,0,0,1,1,3,2,1,0,0,0,0,0,0,0,0,0,0,0,0,0,0,0,0,236,190,233,530,8,750,53,5,169,6,43,5,0,0,0,0,0,0,0,0,0,0,0,0,0,0,0,0,0,0,0,0,0,0,0,0,0,0,0,0,0,0,0,0,0,0,0,0,0,0,1,1,0,0,0,0,0,0,0,0,0,1
2500077,Flawless Wedding Ring,2,2,3,0,0,34,1111-1111-1111-1111-1111-1111-1111-1111,3565,0,0,1500,0,0,0,175,0,1,1,1,0,0,1,1,3,2,1,0,0,0,0,0,0,0,0,0,0,0,0,0,0,0,0,1,60,2,60,3,60,4,60,233,450,235,250,169,6,325,10,42,3,337,2200,0,0,0,0,0,0,0,0,0,0,0,0,0,0,0,0,0,0,0,0,0,0,0,0,0,0,0,0,0,0,1,1,0,0,0,0,0,0,0,0,0,1
2500078,Valentine's Earring 30 Days,2,2,1,0,0,34,1111-1111-1111-1111-1111-1111-1111-1111,5441,0,0,1500,0,0,0,1,0,1,1,1,0,0,1,1,3,2,1,0,0,0,0,0,0,0,0,0,0,0,0,0,0,0,0,1,170,2,170,3,170,4,170,232,390,233,540,337,3000,339,15,0,0,0,0,0,0,0,0,0,0,0,0,0,0,0,0,0,0,0,0,0,0,0,0,0,0,0,0,0,0,0,0,0,2592000,1,1,0,0,0,0,0,0,0,0,20200320,1
